ID,Name,Priorità,Requisiti SOTA,Complessità
1,Contatto assistenza,Media,Dashboard (B%20Analisi%20dei%20Requisiti/Requisiti%20che%20si%20vogliono%20riutilizzare/Dashboard%2019a1100dcfbd81a7bc72c0581e5baa22.md),Bassa
2,"Misurazione di sostanze stupefacenti ",Alta,Sensori basati sulla saliva (B%20Analisi%20dei%20Requisiti/Requisiti%20che%20si%20vogliono%20riutilizzare/Sensori%20basati%20sulla%20saliva%2019a1100dcfbd816085acf0a0f021cbfd.md),Alta
3,"Blocco dell’avvio del veicolo ",Alta,Internet of things (IOT) (B%20Analisi%20dei%20Requisiti/Requisiti%20che%20si%20vogliono%20riutilizzare/Internet%20of%20things%20(IOT)%2019a1100dcfbd81248ae8ed6fad32bdc9.md),Alta
4,Visualizzazione storico delle segnalazioni,Bassa,Dashboard (B%20Analisi%20dei%20Requisiti/Requisiti%20che%20si%20vogliono%20riutilizzare/Dashboard%2019a1100dcfbd81a7bc72c0581e5baa22.md),Bassa
5,"Misurazione del tasso alcolemico ",Alta,Sistemi di blocco motore (Alcolock) (B%20Analisi%20dei%20Requisiti/Requisiti%20che%20si%20vogliono%20riutilizzare/Sistemi%20di%20blocco%20motore%20(Alcolock)%2019a1100dcfbd814891c7f57097c6c395.md),Media
6,Visualizzazione delle segnalazioni,Media,Dashboard (B%20Analisi%20dei%20Requisiti/Requisiti%20che%20si%20vogliono%20riutilizzare/Dashboard%2019a1100dcfbd81a7bc72c0581e5baa22.md),Media
7,Connettività e Segnalazione in tempo reale,Media,Internet of things (IOT) (B%20Analisi%20dei%20Requisiti/Requisiti%20che%20si%20vogliono%20riutilizzare/Internet%20of%20things%20(IOT)%2019a1100dcfbd81248ae8ed6fad32bdc9.md),Media
8,Controllo misurazione,Alta,Internet of things (IOT) (B%20Analisi%20dei%20Requisiti/Requisiti%20che%20si%20vogliono%20riutilizzare/Internet%20of%20things%20(IOT)%2019a1100dcfbd81248ae8ed6fad32bdc9.md),Media